{"stats":{"minecraft:used":{"minecraft:chest":2,"minecraft:sunflower":2},"minecraft:picked_up":{"evilcraft:flesh_humanoid":1,"minecraft:sunflower":2},"minecraft:mined":{"gravestone:gravestone":1},"minecraft:custom":{"minecraft:jump":43,"minecraft:open_chest":12,"minecraft:time_since_rest":6809,"minecraft:crouch_one_cm":3,"minecraft:deaths":1,"minecraft:sprint_one_cm":2074,"minecraft:play_time":40015,"minecraft:time_since_death":6797,"minecraft:walk_one_cm":23013,"minecraft:sneak_time":299,"minecraft:climb_one_cm":4916,"minecraft:total_world_time":40015,"minecraft:drop":3,"minecraft:fly_one_cm":125602},"minecraft:dropped":{"gravestone:obituary":1,"minecraft:sunflower":1,"evilcraft:flesh_humanoid":1}},"DataVersion":3465}