{"stats":{"minecraft:used":{"minecraft:chest":2},"minecraft:picked_up":{"evilcraft:flesh_humanoid":1,"minecraft:sunflower":1},"minecraft:mined":{"gravestone:gravestone":1},"minecraft:custom":{"minecraft:jump":37,"minecraft:open_chest":12,"minecraft:time_since_rest":5853,"minecraft:crouch_one_cm":3,"minecraft:deaths":1,"minecraft:sprint_one_cm":1788,"minecraft:play_time":39059,"minecraft:time_since_death":5841,"minecraft:walk_one_cm":18279,"minecraft:sneak_time":299,"minecraft:climb_one_cm":4916,"minecraft:total_world_time":39059,"minecraft:drop":3,"minecraft:fly_one_cm":125283},"minecraft:dropped":{"gravestone:obituary":1,"minecraft:sunflower":1,"evilcraft:flesh_humanoid":1}},"DataVersion":3465}