{"stats":{"minecraft:killed_by":{"minecraft:skeleton":1,"minecraft:spider":1},"minecraft:used":{"minecraft:apple":2,"aether:valkyrie_axe":197,"minecraft:chest":6,"minecraft:cherry_planks":211,"minecraft:dirt":1,"minecraft:cooked_beef":1,"minecraft:cherry_log":29},"minecraft:killed":{"minecraft:skeleton":7,"minecraft:zombie":4,"untamedwilds:snake":2,"minecraft:creeper":3},"minecraft:picked_up":{"minecraft:pink_petals":11,"luminousworld:groundpebbles_1":3,"minecraft:stick":22,"minecraft:cherry_planks":4,"evilcraft:flesh_humanoid":1,"minecraft:cherry_log":106,"minecraft:gunpowder":2,"minecraft:dirt":7,"untamedwilds:flora_junegrass":1,"minecraft:rotten_flesh":1,"minecraft:arrow":7,"minecraft:bone":5,"minecraft:bow":1,"minecraft:wheat_seeds":4,"minecraft:cherry_sapling":46,"minecraft:dark_oak_sign":1,"werewolves:cracked_bone":2,"alexsmobs:raccoon_tail":1,"minecraft:sunflower":8,"minecraft:egg":2},"minecraft:crafted":{"minecraft:cherry_planks":308},"minecraft:mined":{"minecraft:pink_petals":6,"minecraft:cherry_planks":4,"minecraft:cherry_log":107,"gravestone:gravestone":1,"minecraft:grass":6,"minecraft:grass_block":5,"minecraft:vine":1,"minecraft:cherry_leaves":4,"minecraft:sunflower":11,"minecraft:dirt":6,"luminousworld:grassvariant_2":1,"minecraft:tall_grass":3,"minecraft:oak_leaves":9},"minecraft:custom":{"minecraft:time_since_rest":8747,"minecraft:sprint_one_cm":109403,"minecraft:damage_taken":700,"minecraft:walk_one_cm":258543,"minecraft:mob_kills":17,"minecraft:drop":9,"vampirism:interact_with_totem":1,"minecraft:damage_dealt":3133,"minecraft:fly_one_cm":440601,"minecraft:open_barrel":11,"minecraft:open_chest":41,"minecraft:crouch_one_cm":1552,"minecraft:play_time":40390,"minecraft:deaths":3,"minecraft:sneak_time":552,"minecraft:walk_under_water_one_cm":1164,"minecraft:jump":959,"minecraft:leave_game":2,"minecraft:walk_on_water_one_cm":3944,"minecraft:time_since_death":8709,"minecraft:climb_one_cm":6459,"minecraft:total_world_time":40390,"minecraft:fall_one_cm":22716},"minecraft:dropped":{"minecraft:wheat_seeds":3,"immersivecaves:immersive_caves_guide":1,"alexsmobs:animal_dictionary":1,"minecraft:dark_oak_sign":1,"luminousworld:groundpebbles_1":3,"untamedwilds:flora_junegrass":1,"alexsmobs:raccoon_tail":1,"patchouli:guide_book":1,"minecraft:stick":1}},"DataVersion":3465}